,Features,Score,coeff_r
0,all_positive_features,0.8427355275610102,0.9180640967100702
