,Feature,Score
0,BreakPointsOpportunities,0.7673035896368593
1,BreakPointsFaced,0.7361593983138341
2,DoubleFaults,0.7264251673633462
3,Aces,0.7061611993902848
