,Feature,Score
0,BreakPointsOpportunities,0.8474253664760997
1,BreakPointsFaced,0.7762906965646077
2,DoubleFaults,0.7312085660237275
3,Aces,0.6283278738514297
