,Feature,Score
0,BreakPointsFaced,0.8050284014853928
1,BreakPointsOpportunities,0.7798691853323134
2,DoubleFaults,0.7565495974589802
3,Aces,0.6243574834934729
