,Feature,Winnings,Wins,Ranking
0,BreakPointsOpportunities,0.9004439010037795,0.9234533173669724,-0.3345483369412154
1,TotalPointsWon,0.46106082878125043,0.45936836841910705,-0.2720071941747376
2,ReturnGamesWon,0.2796450565493094,0.29292017195818737,-0.1912803195874613
3,ReturnPointsWon,0.2716459071831737,0.28023972812886105,-0.20259689135777276
4,FirstServeReturnPointsWon,0.24080834046115288,0.25602899947226415,-0.17866426231103438
5,SecondServeReturnPointsWon,0.19940129736079046,0.1930926629388326,-0.1595921118461223
6,BreakPointsConverted,0.07502218831566927,0.07698919220342929,-0.051005104239102636
