,Feature,coeff_r
0,BreakPointsOpportunities,0.9217722820637462
1,BreakPointsFaced,0.8812356571866136
2,DoubleFaults,0.855148095264005
3,Aces,0.7926996296769382
