,Feature,coeff_r
0,BreakPointsOpportunities,0.9087587535954068
1,BreakPointsFaced,0.8637475237575969
2,DoubleFaults,0.8528518197841312
3,Aces,0.7685596390498034
