,Feature,coeff_r
0,BreakPointsFaced,0.8991075729512648
1,BreakPointsOpportunities,0.8891028191767193
2,DoubleFaults,0.8705514303652029
3,Aces,0.792173416835553
