,Feature,Score
0,BreakPointsOpportunities,0.823726510557317
1,BreakPointsFaced,0.7417677883471726
2,DoubleFaults,0.7269951043798786
3,Aces,0.5837687325444934
